store,month,date_1,date_2,FY_1,FY_2,variable,value
Shinjuku Central,04,2020-04-30,2021-04-30,FY21,FY22,sales_1,163602.0
Shinjuku Central,05,2020-05-31,2021-05-31,FY21,FY22,sales_1,142562.0
Shinjuku Central,06,2020-06-30,2021-06-30,FY21,FY22,sales_1,154344.0
Shinjuku Central,07,2020-07-31,2021-07-31,FY21,FY22,sales_1,166968.0
Shinjuku Central,08,2020-08-31,2021-08-31,FY21,FY22,sales_1,189017.0
Shinjuku Central,09,2020-09-30,2021-09-30,FY21,FY22,sales_1,176899.0
Shinjuku Central,10,2020-10-31,2021-10-31,FY21,FY22,sales_1,167473.0
Shinjuku Central,11,2020-11-30,2021-11-30,FY21,FY22,sales_1,195077.0
Shinjuku Central,12,2020-12-31,2021-12-31,FY21,FY22,sales_1,136166.0
Shinjuku Central,01,2021-01-31,2022-01-31,FY21,FY22,sales_1,170166.0
Shinjuku Central,02,2021-02-28,2022-02-28,FY21,FY22,sales_1,181275.0
Shinjuku Central,03,2021-03-31,2022-03-31,FY21,FY22,sales_1,175384.0
Harajuku Boulevard,04,2020-04-30,2021-04-30,FY21,FY22,sales_1,133728.0
Harajuku Boulevard,05,2020-05-31,2021-05-31,FY21,FY22,sales_1,114327.0
Harajuku Boulevard,06,2020-06-30,2021-06-30,FY21,FY22,sales_1,157010.0
Harajuku Boulevard,07,2020-07-31,2021-07-31,FY21,FY22,sales_1,120840.0
Harajuku Boulevard,08,2020-08-31,2021-08-31,FY21,FY22,sales_1,147586.0
Harajuku Boulevard,09,2020-09-30,2021-09-30,FY21,FY22,sales_1,126799.0
Harajuku Boulevard,10,2020-10-31,2021-10-31,FY21,FY22,sales_1,144537.0
Harajuku Boulevard,11,2020-11-30,2021-11-30,FY21,FY22,sales_1,138163.0
Harajuku Boulevard,12,2020-12-31,2021-12-31,FY21,FY22,sales_1,157287.0
Harajuku Boulevard,01,2021-01-31,2022-01-31,FY21,FY22,sales_1,157702.0
Harajuku Boulevard,02,2021-02-28,2022-02-28,FY21,FY22,sales_1,124582.0
Harajuku Boulevard,03,2021-03-31,2022-03-31,FY21,FY22,sales_1,135391.0
Shinagawa Square,04,2020-04-30,2021-04-30,FY21,FY22,sales_1,139845.0
Shinagawa Square,05,2020-05-31,2021-05-31,FY21,FY22,sales_1,127388.0
Shinagawa Square,06,2020-06-30,2021-06-30,FY21,FY22,sales_1,128995.0
Shinagawa Square,07,2020-07-31,2021-07-31,FY21,FY22,sales_1,156723.0
Shinagawa Square,08,2020-08-31,2021-08-31,FY21,FY22,sales_1,131674.0
Shinagawa Square,09,2020-09-30,2021-09-30,FY21,FY22,sales_1,110912.0
Shinagawa Square,10,2020-10-31,2021-10-31,FY21,FY22,sales_1,146007.0
Shinagawa Square,11,2020-11-30,2021-11-30,FY21,FY22,sales_1,124307.0
Shinagawa Square,12,2020-12-31,2021-12-31,FY21,FY22,sales_1,124307.0
Shinagawa Square,01,2021-01-31,2022-01-31,FY21,FY22,sales_1,114261.0
Shinagawa Square,02,2021-02-28,2022-02-28,FY21,FY22,sales_1,159268.0
Shinagawa Square,03,2021-03-31,2022-03-31,FY21,FY22,sales_1,112251.0
Tokyo Bay,04,2020-04-30,2021-04-30,FY21,FY22,sales_1,148710.0
Tokyo Bay,05,2020-05-31,2021-05-31,FY21,FY22,sales_1,118017.0
Tokyo Bay,06,2020-06-30,2021-06-30,FY21,FY22,sales_1,137024.0
Tokyo Bay,07,2020-07-31,2021-07-31,FY21,FY22,sales_1,113266.0
Tokyo Bay,08,2020-08-31,2021-08-31,FY21,FY22,sales_1,114422.0
Tokyo Bay,09,2020-09-30,2021-09-30,FY21,FY22,sales_1,152049.0
Tokyo Bay,10,2020-10-31,2021-10-31,FY21,FY22,sales_1,153847.0
Tokyo Bay,11,2020-11-30,2021-11-30,FY21,FY22,sales_1,115449.0
Tokyo Bay,12,2020-12-31,2021-12-31,FY21,FY22,sales_1,109542.0
Tokyo Bay,01,2021-01-31,2022-01-31,FY21,FY22,sales_1,153590.0
Tokyo Bay,02,2021-02-28,2022-02-28,FY21,FY22,sales_1,118274.0
Tokyo Bay,03,2021-03-31,2022-03-31,FY21,FY22,sales_1,113523.0
Yokohama Port,04,2020-04-30,2021-04-30,FY21,FY22,sales_1,122616.0
Yokohama Port,05,2020-05-31,2021-05-31,FY21,FY22,sales_1,114434.0
Yokohama Port,06,2020-06-30,2021-06-30,FY21,FY22,sales_1,136025.0
Yokohama Port,07,2020-07-31,2021-07-31,FY21,FY22,sales_1,133298.0
Yokohama Port,08,2020-08-31,2021-08-31,FY21,FY22,sales_1,129662.0
Yokohama Port,09,2020-09-30,2021-09-30,FY21,FY22,sales_1,96365.0
Yokohama Port,10,2020-10-31,2021-10-31,FY21,FY22,sales_1,125571.0
Yokohama Port,11,2020-11-30,2021-11-30,FY21,FY22,sales_1,98752.0
Yokohama Port,12,2020-12-31,2021-12-31,FY21,FY22,sales_1,110116.0
Yokohama Port,01,2021-01-31,2022-01-31,FY21,FY22,sales_1,109434.0
Yokohama Port,02,2021-02-28,2022-02-28,FY21,FY22,sales_1,101706.0
Yokohama Port,03,2021-03-31,2022-03-31,FY21,FY22,sales_1,113298.0
Osaka Metro,04,2020-04-30,2021-04-30,FY21,FY22,sales_1,132423.0
Osaka Metro,05,2020-05-31,2021-05-31,FY21,FY22,sales_1,89551.0
Osaka Metro,06,2020-06-30,2021-06-30,FY21,FY22,sales_1,133655.0
Osaka Metro,07,2020-07-31,2021-07-31,FY21,FY22,sales_1,130968.0
Osaka Metro,08,2020-08-31,2021-08-31,FY21,FY22,sales_1,94364.0
Osaka Metro,09,2020-09-30,2021-09-30,FY21,FY22,sales_1,132423.0
Osaka Metro,10,2020-10-31,2021-10-31,FY21,FY22,sales_1,92125.0
Osaka Metro,11,2020-11-30,2021-11-30,FY21,FY22,sales_1,110483.0
Osaka Metro,12,2020-12-31,2021-12-31,FY21,FY22,sales_1,104103.0
Osaka Metro,01,2021-01-31,2022-01-31,FY21,FY22,sales_1,131752.0
Osaka Metro,02,2021-02-28,2022-02-28,FY21,FY22,sales_1,100521.0
Osaka Metro,03,2021-03-31,2022-03-31,FY21,FY22,sales_1,96491.0
Osaka Sunset Plaza,04,2020-04-30,2021-04-30,FY21,FY22,sales_1,109044.0
Osaka Sunset Plaza,05,2020-05-31,2021-05-31,FY21,FY22,sales_1,90631.0
Osaka Sunset Plaza,06,2020-06-30,2021-06-30,FY21,FY22,sales_1,86232.0
Osaka Sunset Plaza,07,2020-07-31,2021-07-31,FY21,FY22,sales_1,118659.0
Osaka Sunset Plaza,08,2020-08-31,2021-08-31,FY21,FY22,sales_1,82959.0
Osaka Sunset Plaza,09,2020-09-30,2021-09-30,FY21,FY22,sales_1,108225.0
Osaka Sunset Plaza,10,2020-10-31,2021-10-31,FY21,FY22,sales_1,113238.0
Osaka Sunset Plaza,11,2020-11-30,2021-11-30,FY21,FY22,sales_1,90017.0
Osaka Sunset Plaza,12,2020-12-31,2021-12-31,FY21,FY22,sales_1,85107.0
Osaka Sunset Plaza,01,2021-01-31,2022-01-31,FY21,FY22,sales_1,100451.0
Osaka Sunset Plaza,02,2021-02-28,2022-02-28,FY21,FY22,sales_1,94927.0
Osaka Sunset Plaza,03,2021-03-31,2022-03-31,FY21,FY22,sales_1,111908.0
Nagoya Tower,04,2020-04-30,2021-04-30,FY21,FY22,sales_1,66279.0
Nagoya Tower,05,2020-05-31,2021-05-31,FY21,FY22,sales_1,75129.0
Nagoya Tower,06,2020-06-30,2021-06-30,FY21,FY22,sales_1,69057.0
Nagoya Tower,07,2020-07-31,2021-07-31,FY21,FY22,sales_1,75452.0
Nagoya Tower,08,2020-08-31,2021-08-31,FY21,FY22,sales_1,70801.0
Nagoya Tower,09,2020-09-30,2021-09-30,FY21,FY22,sales_1,72868.0
Nagoya Tower,10,2020-10-31,2021-10-31,FY21,FY22,sales_1,52907.0
Nagoya Tower,11,2020-11-30,2021-11-30,FY21,FY22,sales_1,57817.0
Nagoya Tower,12,2020-12-31,2021-12-31,FY21,FY22,sales_1,72868.0
Nagoya Tower,01,2021-01-31,2022-01-31,FY21,FY22,sales_1,67700.0
Nagoya Tower,02,2021-02-28,2022-02-28,FY21,FY22,sales_1,63308.0
Nagoya Tower,03,2021-03-31,2022-03-31,FY21,FY22,sales_1,72545.0
Hakata Outlet,04,2020-04-30,2021-04-30,FY21,FY22,sales_1,56707.0
Hakata Outlet,05,2020-05-31,2021-05-31,FY21,FY22,sales_1,56529.0
Hakata Outlet,06,2020-06-30,2021-06-30,FY21,FY22,sales_1,54205.0
Hakata Outlet,07,2020-07-31,2021-07-31,FY21,FY22,sales_1,49142.0
Hakata Outlet,08,2020-08-31,2021-08-31,FY21,FY22,sales_1,70110.0
Hakata Outlet,09,2020-09-30,2021-09-30,FY21,FY22,sales_1,69931.0
Hakata Outlet,10,2020-10-31,2021-10-31,FY21,FY22,sales_1,54622.0
Hakata Outlet,11,2020-11-30,2021-11-30,FY21,FY22,sales_1,52597.0
Hakata Outlet,12,2020-12-31,2021-12-31,FY21,FY22,sales_1,57243.0
Hakata Outlet,01,2021-01-31,2022-01-31,FY21,FY22,sales_1,69097.0
Hakata Outlet,02,2021-02-28,2022-02-28,FY21,FY22,sales_1,61234.0
Hakata Outlet,03,2021-03-31,2022-03-31,FY21,FY22,sales_1,62604.0
Okinawa Seaside,04,2020-04-30,2021-04-30,FY21,FY22,sales_1,61878.0
Okinawa Seaside,05,2020-05-31,2021-05-31,FY21,FY22,sales_1,56021.0
Okinawa Seaside,06,2020-06-30,2021-06-30,FY21,FY22,sales_1,52831.0
Okinawa Seaside,07,2020-07-31,2021-07-31,FY21,FY22,sales_1,66633.0
Okinawa Seaside,08,2020-08-31,2021-08-31,FY21,FY22,sales_1,53875.0
Okinawa Seaside,09,2020-09-30,2021-09-30,FY21,FY22,sales_1,59326.0
Okinawa Seaside,10,2020-10-31,2021-10-31,FY21,FY22,sales_1,68083.0
Okinawa Seaside,11,2020-11-30,2021-11-30,FY21,FY22,sales_1,63792.0
Okinawa Seaside,12,2020-12-31,2021-12-31,FY21,FY22,sales_1,58920.0
Okinawa Seaside,01,2021-01-31,2022-01-31,FY21,FY22,sales_1,68489.0
Okinawa Seaside,02,2021-02-28,2022-02-28,FY21,FY22,sales_1,47786.0
Okinawa Seaside,03,2021-03-31,2022-03-31,FY21,FY22,sales_1,50279.0
Shinjuku Central,04,2020-04-30,2021-04-30,FY21,FY22,member_effect,-30330.707865168537
Shinjuku Central,05,2020-05-31,2021-05-31,FY21,FY22,member_effect,-8788.068493150684
Shinjuku Central,06,2020-06-30,2021-06-30,FY21,FY22,member_effect,22049.14285714286
Shinjuku Central,07,2020-07-31,2021-07-31,FY21,FY22,member_effect,-18681.734265734263
Shinjuku Central,08,2020-08-31,2021-08-31,FY21,FY22,member_effect,15168.03086419753
Shinjuku Central,09,2020-09-30,2021-09-30,FY21,FY22,member_effect,-20370.187878787878
Shinjuku Central,10,2020-10-31,2021-10-31,FY21,FY22,member_effect,31184.627586206894
Shinjuku Central,11,2020-11-30,2021-11-30,FY21,FY22,member_effect,10133.87012987013
Shinjuku Central,12,2020-12-31,2021-12-31,FY21,FY22,member_effect,-6085.631284916201
Shinjuku Central,01,2021-01-31,2022-01-31,FY21,FY22,member_effect,-6852.322147651006
Shinjuku Central,02,2021-02-28,2022-02-28,FY21,FY22,member_effect,40283.33333333333
Shinjuku Central,03,2021-03-31,2022-03-31,FY21,FY22,member_effect,-9950.86524822695
Harajuku Boulevard,04,2020-04-30,2021-04-30,FY21,FY22,member_effect,-8082.461538461538
Harajuku Boulevard,05,2020-05-31,2021-05-31,FY21,FY22,member_effect,-11271.676056338027
Harajuku Boulevard,06,2020-06-30,2021-06-30,FY21,FY22,member_effect,44860.0
Harajuku Boulevard,07,2020-07-31,2021-07-31,FY21,FY22,member_effect,-7658.87323943662
Harajuku Boulevard,08,2020-08-31,2021-08-31,FY21,FY22,member_effect,35658.36241610738
Harajuku Boulevard,09,2020-09-30,2021-09-30,FY21,FY22,member_effect,-13042.182857142858
Harajuku Boulevard,10,2020-10-31,2021-10-31,FY21,FY22,member_effect,3441.3571428571427
Harajuku Boulevard,11,2020-11-30,2021-11-30,FY21,FY22,member_effect,29086.94736842105
Harajuku Boulevard,12,2020-12-31,2021-12-31,FY21,FY22,member_effect,4839.6
Harajuku Boulevard,01,2021-01-31,2022-01-31,FY21,FY22,member_effect,-51146.5945945946
Harajuku Boulevard,02,2021-02-28,2022-02-28,FY21,FY22,member_effect,-16097.67415730337
Harajuku Boulevard,03,2021-03-31,2022-03-31,FY21,FY22,member_effect,13273.627450980393
Shinagawa Square,04,2020-04-30,2021-04-30,FY21,FY22,member_effect,-15844.507389162562
Shinagawa Square,05,2020-05-31,2021-05-31,FY21,FY22,member_effect,28986.491017964072
Shinagawa Square,06,2020-06-30,2021-06-30,FY21,FY22,member_effect,-11315.350877192983
Shinagawa Square,07,2020-07-31,2021-07-31,FY21,FY22,member_effect,9384.610778443113
Shinagawa Square,08,2020-08-31,2021-08-31,FY21,FY22,member_effect,10073.420765027322
Shinagawa Square,09,2020-09-30,2021-09-30,FY21,FY22,member_effect,-1312.5680473372781
Shinagawa Square,10,2020-10-31,2021-10-31,FY21,FY22,member_effect,42585.375
Shinagawa Square,11,2020-11-30,2021-11-30,FY21,FY22,member_effect,29896.620253164558
Shinagawa Square,12,2020-12-31,2021-12-31,FY21,FY22,member_effect,28617.438848920865
Shinagawa Square,01,2021-01-31,2022-01-31,FY21,FY22,member_effect,1154.1515151515152
Shinagawa Square,02,2021-02-28,2022-02-28,FY21,FY22,member_effect,19032.025157232707
Shinagawa Square,03,2021-03-31,2022-03-31,FY21,FY22,member_effect,-22560.250000000004
Tokyo Bay,04,2020-04-30,2021-04-30,FY21,FY22,member_effect,22802.2
Tokyo Bay,05,2020-05-31,2021-05-31,FY21,FY22,member_effect,-21513.515625
Tokyo Bay,06,2020-06-30,2021-06-30,FY21,FY22,member_effect,-4194.6122448979595
Tokyo Bay,07,2020-07-31,2021-07-31,FY21,FY22,member_effect,-14158.249999999998
Tokyo Bay,08,2020-08-31,2021-08-31,FY21,FY22,member_effect,44632.695035460994
Tokyo Bay,09,2020-09-30,2021-09-30,FY21,FY22,member_effect,-8097.284023668639
Tokyo Bay,10,2020-10-31,2021-10-31,FY21,FY22,member_effect,48142.598639455784
Tokyo Bay,11,2020-11-30,2021-11-30,FY21,FY22,member_effect,-5715.297029702971
Tokyo Bay,12,2020-12-31,2021-12-31,FY21,FY22,member_effect,-7824.428571428571
Tokyo Bay,01,2021-01-31,2022-01-31,FY21,FY22,member_effect,0.0
Tokyo Bay,02,2021-02-28,2022-02-28,FY21,FY22,member_effect,-19941.546511627912
Tokyo Bay,03,2021-03-31,2022-03-31,FY21,FY22,member_effect,-28812.944162436546
Yokohama Port,04,2020-04-30,2021-04-30,FY21,FY22,member_effect,-11645.094972067041
Yokohama Port,05,2020-05-31,2021-05-31,FY21,FY22,member_effect,-8757.704081632653
Yokohama Port,06,2020-06-30,2021-06-30,FY21,FY22,member_effect,-12300.132978723404
Yokohama Port,07,2020-07-31,2021-07-31,FY21,FY22,member_effect,-4468.08938547486
Yokohama Port,08,2020-08-31,2021-08-31,FY21,FY22,member_effect,-39328.75829383886
Yokohama Port,09,2020-09-30,2021-09-30,FY21,FY22,member_effect,-15904.902912621357
Yokohama Port,10,2020-10-31,2021-10-31,FY21,FY22,member_effect,4232.730337078651
Yokohama Port,11,2020-11-30,2021-11-30,FY21,FY22,member_effect,-3185.548387096774
Yokohama Port,12,2020-12-31,2021-12-31,FY21,FY22,member_effect,-6117.555555555555
Yokohama Port,01,2021-01-31,2022-01-31,FY21,FY22,member_effect,-2256.3711340206187
Yokohama Port,02,2021-02-28,2022-02-28,FY21,FY22,member_effect,-5460.724832214765
Yokohama Port,03,2021-03-31,2022-03-31,FY21,FY22,member_effect,-6559.357894736842
Osaka Metro,04,2020-04-30,2021-04-30,FY21,FY22,member_effect,18917.57142857143
Osaka Metro,05,2020-05-31,2021-05-31,FY21,FY22,member_effect,21070.823529411766
Osaka Metro,06,2020-06-30,2021-06-30,FY21,FY22,member_effect,22046.18556701031
Osaka Metro,07,2020-07-31,2021-07-31,FY21,FY22,member_effect,-8259.243243243243
Osaka Metro,08,2020-08-31,2021-08-31,FY21,FY22,member_effect,-1906.3434343434344
Osaka Metro,09,2020-09-30,2021-09-30,FY21,FY22,member_effect,-19068.912
Osaka Metro,10,2020-10-31,2021-10-31,FY21,FY22,member_effect,30418.632075471698
Osaka Metro,11,2020-11-30,2021-11-30,FY21,FY22,member_effect,-28457.742424242424
Osaka Metro,12,2020-12-31,2021-12-31,FY21,FY22,member_effect,-9759.65625
Osaka Metro,01,2021-01-31,2022-01-31,FY21,FY22,member_effect,-29166.473282442752
Osaka Metro,02,2021-02-28,2022-02-28,FY21,FY22,member_effect,-19667.152173913044
Osaka Metro,03,2021-03-31,2022-03-31,FY21,FY22,member_effect,24122.75
Osaka Sunset Plaza,04,2020-04-30,2021-04-30,FY21,FY22,member_effect,-30944.918918918916
Osaka Sunset Plaza,05,2020-05-31,2021-05-31,FY21,FY22,member_effect,4166.942528735632
Osaka Sunset Plaza,06,2020-06-30,2021-06-30,FY21,FY22,member_effect,-20868.931506849312
Osaka Sunset Plaza,07,2020-07-31,2021-07-31,FY21,FY22,member_effect,23579.673076923074
Osaka Sunset Plaza,08,2020-08-31,2021-08-31,FY21,FY22,member_effect,12443.850000000002
Osaka Sunset Plaza,09,2020-09-30,2021-09-30,FY21,FY22,member_effect,597.9281767955802
Osaka Sunset Plaza,10,2020-10-31,2021-10-31,FY21,FY22,member_effect,44736.0
Osaka Sunset Plaza,11,2020-11-30,2021-11-30,FY21,FY22,member_effect,-4286.523809523809
Osaka Sunset Plaza,12,2020-12-31,2021-12-31,FY21,FY22,member_effect,-12323.18552036199
Osaka Sunset Plaza,01,2021-01-31,2022-01-31,FY21,FY22,member_effect,-19133.52380952381
Osaka Sunset Plaza,02,2021-02-28,2022-02-28,FY21,FY22,member_effect,-27599.920704845816
Osaka Sunset Plaza,03,2021-03-31,2022-03-31,FY21,FY22,member_effect,12756.35233160622
Nagoya Tower,04,2020-04-30,2021-04-30,FY21,FY22,member_effect,-18999.98
Nagoya Tower,05,2020-05-31,2021-05-31,FY21,FY22,member_effect,27129.916666666664
Nagoya Tower,06,2020-06-30,2021-06-30,FY21,FY22,member_effect,-19929.201342281878
Nagoya Tower,07,2020-07-31,2021-07-31,FY21,FY22,member_effect,-18128.077922077922
Nagoya Tower,08,2020-08-31,2021-08-31,FY21,FY22,member_effect,-7602.791946308725
Nagoya Tower,09,2020-09-30,2021-09-30,FY21,FY22,member_effect,-16081.213793103449
Nagoya Tower,10,2020-10-31,2021-10-31,FY21,FY22,member_effect,12314.560344827587
Nagoya Tower,11,2020-11-30,2021-11-30,FY21,FY22,member_effect,-11033.778625954199
Nagoya Tower,12,2020-12-31,2021-12-31,FY21,FY22,member_effect,-16030.960000000001
Nagoya Tower,01,2021-01-31,2022-01-31,FY21,FY22,member_effect,-2922.302158273381
Nagoya Tower,02,2021-02-28,2022-02-28,FY21,FY22,member_effect,-11552.554744525547
Nagoya Tower,03,2021-03-31,2022-03-31,FY21,FY22,member_effect,-4765.729927007299
Hakata Outlet,04,2020-04-30,2021-04-30,FY21,FY22,member_effect,-756.0933333333332
Hakata Outlet,05,2020-05-31,2021-05-31,FY21,FY22,member_effect,7115.538461538463
Hakata Outlet,06,2020-06-30,2021-06-30,FY21,FY22,member_effect,-7374.829931972789
Hakata Outlet,07,2020-07-31,2021-07-31,FY21,FY22,member_effect,1016.7310344827584
Hakata Outlet,08,2020-08-31,2021-08-31,FY21,FY22,member_effect,-19005.722891566267
Hakata Outlet,09,2020-09-30,2021-09-30,FY21,FY22,member_effect,21927.51694915254
Hakata Outlet,10,2020-10-31,2021-10-31,FY21,FY22,member_effect,-13173.541176470588
Hakata Outlet,11,2020-11-30,2021-11-30,FY21,FY22,member_effect,4781.545454545455
Hakata Outlet,12,2020-12-31,2021-12-31,FY21,FY22,member_effect,-328.9827586206896
Hakata Outlet,01,2021-01-31,2022-01-31,FY21,FY22,member_effect,-17869.91379310345
Hakata Outlet,02,2021-02-28,2022-02-28,FY21,FY22,member_effect,14169.85123966942
Hakata Outlet,03,2021-03-31,2022-03-31,FY21,FY22,member_effect,2981.1428571428573
Okinawa Seaside,04,2020-04-30,2021-04-30,FY21,FY22,member_effect,16524.238636363636
Okinawa Seaside,05,2020-05-31,2021-05-31,FY21,FY22,member_effect,-293.303664921466
Okinawa Seaside,06,2020-06-30,2021-06-30,FY21,FY22,member_effect,-1861.885462555066
Okinawa Seaside,07,2020-07-31,2021-07-31,FY21,FY22,member_effect,989.5990099009899
Okinawa Seaside,08,2020-08-31,2021-08-31,FY21,FY22,member_effect,4924.059139784947
Okinawa Seaside,09,2020-09-30,2021-09-30,FY21,FY22,member_effect,12555.767195767194
Okinawa Seaside,10,2020-10-31,2021-10-31,FY21,FY22,member_effect,-4957.5
Okinawa Seaside,11,2020-11-30,2021-11-30,FY21,FY22,member_effect,2501.6470588235293
Okinawa Seaside,12,2020-12-31,2021-12-31,FY21,FY22,member_effect,4699.141104294478
Okinawa Seaside,01,2021-01-31,2022-01-31,FY21,FY22,member_effect,-14418.736842105263
Okinawa Seaside,02,2021-02-28,2022-02-28,FY21,FY22,member_effect,-1188.7064676616915
Okinawa Seaside,03,2021-03-31,2022-03-31,FY21,FY22,member_effect,3209.297872340425
Shinjuku Central,04,2020-04-30,2021-04-30,FY21,FY22,avgvisit_effect,69969.95896649013
Shinjuku Central,05,2020-05-31,2021-05-31,FY21,FY22,avgvisit_effect,30096.26778140691
Shinjuku Central,06,2020-06-30,2021-06-30,FY21,FY22,avgvisit_effect,-36771.18593406595
Shinjuku Central,07,2020-07-31,2021-07-31,FY21,FY22,avgvisit_effect,39112.41781003805
Shinjuku Central,08,2020-08-31,2021-08-31,FY21,FY22,avgvisit_effect,-11202.639255805927
Shinjuku Central,09,2020-09-30,2021-09-30,FY21,FY22,avgvisit_effect,-377.2257014590292
Shinjuku Central,10,2020-10-31,2021-10-31,FY21,FY22,avgvisit_effect,-5324.826115618667
Shinjuku Central,11,2020-11-30,2021-11-30,FY21,FY22,avgvisit_effect,45382.11405985321
Shinjuku Central,12,2020-12-31,2021-12-31,FY21,FY22,avgvisit_effect,-3640.5115722266514
Shinjuku Central,01,2021-01-31,2022-01-31,FY21,FY22,avgvisit_effect,9511.165897651004
Shinjuku Central,02,2021-02-28,2022-02-28,FY21,FY22,avgvisit_effect,12228.869047619057
Shinjuku Central,03,2021-03-31,2022-03-31,FY21,FY22,avgvisit_effect,6235.102536362553
Harajuku Boulevard,04,2020-04-30,2021-04-30,FY21,FY22,avgvisit_effect,-2447.302241066011
Harajuku Boulevard,05,2020-05-31,2021-05-31,FY21,FY22,avgvisit_effect,30454.058606673603
Harajuku Boulevard,06,2020-06-30,2021-06-30,FY21,FY22,avgvisit_effect,-33571.69934640522
Harajuku Boulevard,07,2020-07-31,2021-07-31,FY21,FY22,avgvisit_effect,-7356.748062338532
Harajuku Boulevard,08,2020-08-31,2021-08-31,FY21,FY22,avgvisit_effect,-6141.162416107365
Harajuku Boulevard,09,2020-09-30,2021-09-30,FY21,FY22,avgvisit_effect,23149.349523809524
Harajuku Boulevard,10,2020-10-31,2021-10-31,FY21,FY22,avgvisit_effect,-34000.60857142858
Harajuku Boulevard,11,2020-11-30,2021-11-30,FY21,FY22,avgvisit_effect,-10352.981266726127
Harajuku Boulevard,12,2020-12-31,2021-12-31,FY21,FY22,avgvisit_effect,-32652.545121951225
Harajuku Boulevard,01,2021-01-31,2022-01-31,FY21,FY22,avgvisit_effect,10759.497033618976
Harajuku Boulevard,02,2021-02-28,2022-02-28,FY21,FY22,avgvisit_effect,24403.140823970043
Harajuku Boulevard,03,2021-03-31,2022-03-31,FY21,FY22,avgvisit_effect,-4136.811500060132
Shinagawa Square,04,2020-04-30,2021-04-30,FY21,FY22,avgvisit_effect,9764.289997858208
Shinagawa Square,05,2020-05-31,2021-05-31,FY21,FY22,avgvisit_effect,-57529.86031256987
Shinagawa Square,06,2020-06-30,2021-06-30,FY21,FY22,avgvisit_effect,42452.075015124006
Shinagawa Square,07,2020-07-31,2021-07-31,FY21,FY22,avgvisit_effect,-46221.213342545685
Shinagawa Square,08,2020-08-31,2021-08-31,FY21,FY22,avgvisit_effect,41293.90890530234
Shinagawa Square,09,2020-09-30,2021-09-30,FY21,FY22,avgvisit_effect,19992.48383681097
Shinagawa Square,10,2020-10-31,2021-10-31,FY21,FY22,avgvisit_effect,21853.468575419007
Shinagawa Square,11,2020-11-30,2021-11-30,FY21,FY22,avgvisit_effect,-33004.29525316456
Shinagawa Square,12,2020-12-31,2021-12-31,FY21,FY22,avgvisit_effect,-48829.95917412412
Shinagawa Square,01,2021-01-31,2022-01-31,FY21,FY22,avgvisit_effect,-1734.1565912936455
Shinagawa Square,02,2021-02-28,2022-02-28,FY21,FY22,avgvisit_effect,-66687.01728321696
Shinagawa Square,03,2021-03-31,2022-03-31,FY21,FY22,avgvisit_effect,19258.75
Tokyo Bay,04,2020-04-30,2021-04-30,FY21,FY22,avgvisit_effect,-10260.392771084353
Tokyo Bay,05,2020-05-31,2021-05-31,FY21,FY22,avgvisit_effect,23812.548092532463
Tokyo Bay,06,2020-06-30,2021-06-30,FY21,FY22,avgvisit_effect,-1134.098866213147
Tokyo Bay,07,2020-07-31,2021-07-31,FY21,FY22,avgvisit_effect,-14014.511421319798
Tokyo Bay,08,2020-08-31,2021-08-31,FY21,FY22,avgvisit_effect,-52339.876382611255
Tokyo Bay,09,2020-09-30,2021-09-30,FY21,FY22,avgvisit_effect,22441.529306687487
Tokyo Bay,10,2020-10-31,2021-10-31,FY21,FY22,avgvisit_effect,-43152.96620702336
Tokyo Bay,11,2020-11-30,2021-11-30,FY21,FY22,avgvisit_effect,4144.562335825428
Tokyo Bay,12,2020-12-31,2021-12-31,FY21,FY22,avgvisit_effect,10545.96894409938
Tokyo Bay,01,2021-01-31,2022-01-31,FY21,FY22,avgvisit_effect,27567.43589743589
Tokyo Bay,02,2021-02-28,2022-02-28,FY21,FY22,avgvisit_effect,12100.17634588205
Tokyo Bay,03,2021-03-31,2022-03-31,FY21,FY22,avgvisit_effect,16057.550904009584
Yokohama Port,04,2020-04-30,2021-04-30,FY21,FY22,avgvisit_effect,14109.738188147432
Yokohama Port,05,2020-05-31,2021-05-31,FY21,FY22,avgvisit_effect,2708.329632293442
Yokohama Port,06,2020-06-30,2021-06-30,FY21,FY22,avgvisit_effect,-21562.630734356768
Yokohama Port,07,2020-07-31,2021-07-31,FY21,FY22,avgvisit_effect,-10666.18135688322
Yokohama Port,08,2020-08-31,2021-08-31,FY21,FY22,avgvisit_effect,16910.562032156617
Yokohama Port,09,2020-09-30,2021-09-30,FY21,FY22,avgvisit_effect,11488.173745954691
Yokohama Port,10,2020-10-31,2021-10-31,FY21,FY22,avgvisit_effect,-28993.209210318077
Yokohama Port,11,2020-11-30,2021-11-30,FY21,FY22,avgvisit_effect,-19320.721380345094
Yokohama Port,12,2020-12-31,2021-12-31,FY21,FY22,avgvisit_effect,3556.718346253229
Yokohama Port,01,2021-01-31,2022-01-31,FY21,FY22,avgvisit_effect,6985.000763650242
Yokohama Port,02,2021-02-28,2022-02-28,FY21,FY22,avgvisit_effect,38788.11466272325
Yokohama Port,03,2021-03-31,2022-03-31,FY21,FY22,avgvisit_effect,20131.51414473684
Osaka Metro,04,2020-04-30,2021-04-30,FY21,FY22,avgvisit_effect,-37677.49642857143
Osaka Metro,05,2020-05-31,2021-05-31,FY21,FY22,avgvisit_effect,-5664.19987349778
Osaka Metro,06,2020-06-30,2021-06-30,FY21,FY22,avgvisit_effect,-33874.06167320501
Osaka Metro,07,2020-07-31,2021-07-31,FY21,FY22,avgvisit_effect,-1265.7022113022142
Osaka Metro,08,2020-08-31,2021-08-31,FY21,FY22,avgvisit_effect,12607.415599291895
Osaka Metro,09,2020-09-30,2021-09-30,FY21,FY22,avgvisit_effect,-2621.0621379310414
Osaka Metro,10,2020-10-31,2021-10-31,FY21,FY22,avgvisit_effect,-25184.257075471713
Osaka Metro,11,2020-11-30,2021-11-30,FY21,FY22,avgvisit_effect,15237.554390054387
Osaka Metro,12,2020-12-31,2021-12-31,FY21,FY22,avgvisit_effect,6506.437499999992
Osaka Metro,01,2021-01-31,2022-01-31,FY21,FY22,avgvisit_effect,33451.09116862161
Osaka Metro,02,2021-02-28,2022-02-28,FY21,FY22,avgvisit_effect,16550.221941354903
Osaka Metro,03,2021-03-31,2022-03-31,FY21,FY22,avgvisit_effect,-44476.32031249999
Osaka Sunset Plaza,04,2020-04-30,2021-04-30,FY21,FY22,avgvisit_effect,8781.504284772573
Osaka Sunset Plaza,05,2020-05-31,2021-05-31,FY21,FY22,avgvisit_effect,24103.27765475061
Osaka Sunset Plaza,06,2020-06-30,2021-06-30,FY21,FY22,avgvisit_effect,7220.701291021973
Osaka Sunset Plaza,07,2020-07-31,2021-07-31,FY21,FY22,avgvisit_effect,-50463.35276442307
Osaka Sunset Plaza,08,2020-08-31,2021-08-31,FY21,FY22,avgvisit_effect,-17365.146610169497
Osaka Sunset Plaza,09,2020-09-30,2021-09-30,FY21,FY22,avgvisit_effect,-7605.3022775150075
Osaka Sunset Plaza,10,2020-10-31,2021-10-31,FY21,FY22,avgvisit_effect,-38950.11678832117
Osaka Sunset Plaza,11,2020-11-30,2021-11-30,FY21,FY22,avgvisit_effect,-3214.892857142859
Osaka Sunset Plaza,12,2020-12-31,2021-12-31,FY21,FY22,avgvisit_effect,3812.4855203619927
Osaka Sunset Plaza,01,2021-01-31,2022-01-31,FY21,FY22,avgvisit_effect,5838.538515406156
Osaka Sunset Plaza,02,2021-02-28,2022-02-28,FY21,FY22,avgvisit_effect,42884.7766370492
Osaka Sunset Plaza,03,2021-03-31,2022-03-31,FY21,FY22,avgvisit_effect,-18188.779516072234
Nagoya Tower,04,2020-04-30,2021-04-30,FY21,FY22,avgvisit_effect,34337.26925619835
Nagoya Tower,05,2020-05-31,2021-05-31,FY21,FY22,avgvisit_effect,-30519.194862155386
Nagoya Tower,06,2020-06-30,2021-06-30,FY21,FY22,avgvisit_effect,13069.234454864658
Nagoya Tower,07,2020-07-31,2021-07-31,FY21,FY22,avgvisit_effect,29185.698611733085
Nagoya Tower,08,2020-08-31,2021-08-31,FY21,FY22,avgvisit_effect,20429.06006225076
Nagoya Tower,09,2020-09-30,2021-09-30,FY21,FY22,avgvisit_effect,1507.613793103445
Nagoya Tower,10,2020-10-31,2021-10-31,FY21,FY22,avgvisit_effect,-9691.072741521803
Nagoya Tower,11,2020-11-30,2021-11-30,FY21,FY22,avgvisit_effect,22906.912554525636
Nagoya Tower,12,2020-12-31,2021-12-31,FY21,FY22,avgvisit_effect,10633.330370370373
Nagoya Tower,01,2021-01-31,2022-01-31,FY21,FY22,avgvisit_effect,16782.14467795842
Nagoya Tower,02,2021-02-28,2022-02-28,FY21,FY22,avgvisit_effect,20794.598540145977
Nagoya Tower,03,2021-03-31,2022-03-31,FY21,FY22,avgvisit_effect,15296.455733458912
Hakata Outlet,04,2020-04-30,2021-04-30,FY21,FY22,avgvisit_effect,25217.936470588236
Hakata Outlet,05,2020-05-31,2021-05-31,FY21,FY22,avgvisit_effect,-5730.023755656119
Hakata Outlet,06,2020-06-30,2021-06-30,FY21,FY22,avgvisit_effect,21674.30845958016
Hakata Outlet,07,2020-07-31,2021-07-31,FY21,FY22,avgvisit_effect,7001.174228675136
Hakata Outlet,08,2020-08-31,2021-08-31,FY21,FY22,avgvisit_effect,10916.107506950877
Hakata Outlet,09,2020-09-30,2021-09-30,FY21,FY22,avgvisit_effect,-24173.00777484061
Hakata Outlet,10,2020-10-31,2021-10-31,FY21,FY22,avgvisit_effect,-84.22581382067342
Hakata Outlet,11,2020-11-30,2021-11-30,FY21,FY22,avgvisit_effect,-5780.222669735333
Hakata Outlet,12,2020-12-31,2021-12-31,FY21,FY22,avgvisit_effect,-10420.876396308884
Hakata Outlet,01,2021-01-31,2022-01-31,FY21,FY22,avgvisit_effect,13551.351293103447
Hakata Outlet,02,2021-02-28,2022-02-28,FY21,FY22,avgvisit_effect,-25274.462638633147
Hakata Outlet,03,2021-03-31,2022-03-31,FY21,FY22,avgvisit_effect,16434.021699819157
Okinawa Seaside,04,2020-04-30,2021-04-30,FY21,FY22,avgvisit_effect,-30984.85820158102
Okinawa Seaside,05,2020-05-31,2021-05-31,FY21,FY22,avgvisit_effect,-12851.288513849486
Okinawa Seaside,06,2020-06-30,2021-06-30,FY21,FY22,avgvisit_effect,-2051.5219448523435
Okinawa Seaside,07,2020-07-31,2021-07-31,FY21,FY22,avgvisit_effect,-1449.136940935474
Okinawa Seaside,08,2020-08-31,2021-08-31,FY21,FY22,avgvisit_effect,-11855.345689492548
Okinawa Seaside,09,2020-09-30,2021-09-30,FY21,FY22,avgvisit_effect,-19004.245456636756
Okinawa Seaside,10,2020-10-31,2021-10-31,FY21,FY22,avgvisit_effect,29272.857142857145
Okinawa Seaside,11,2020-11-30,2021-11-30,FY21,FY22,avgvisit_effect,-9507.70486229174
Okinawa Seaside,12,2020-12-31,2021-12-31,FY21,FY22,avgvisit_effect,-11143.516104294484
Okinawa Seaside,01,2021-01-31,2022-01-31,FY21,FY22,avgvisit_effect,6234.516716319104
Okinawa Seaside,02,2021-02-28,2022-02-28,FY21,FY22,avgvisit_effect,1499.0051689603986
Okinawa Seaside,03,2021-03-31,2022-03-31,FY21,FY22,avgvisit_effect,6714.188969764843
Shinjuku Central,04,2020-04-30,2021-04-30,FY21,FY22,avgprice_effect,-19442.251101321595
Shinjuku Central,05,2020-05-31,2021-05-31,FY21,FY22,avgprice_effect,-14575.19928825622
Shinjuku Central,06,2020-06-30,2021-06-30,FY21,FY22,avgprice_effect,6812.043076923069
Shinjuku Central,07,2020-07-31,2021-07-31,FY21,FY22,avgprice_effect,-37935.68354430379
Shinjuku Central,08,2020-08-31,2021-08-31,FY21,FY22,avgprice_effect,8321.6083916084
Shinjuku Central,09,2020-09-30,2021-09-30,FY21,FY22,avgprice_effect,31350.41358024693
Shinjuku Central,10,2020-10-31,2021-10-31,FY21,FY22,avgprice_effect,-26196.80147058824
Shinjuku Central,11,2020-11-30,2021-11-30,FY21,FY22,avgprice_effect,-109376.98418972334
Shinjuku Central,12,2020-12-31,2021-12-31,FY21,FY22,avgprice_effect,22855.142857142848
Shinjuku Central,01,2021-01-31,2022-01-31,FY21,FY22,avgprice_effect,-8886.843749999996
Shinjuku Central,02,2021-02-28,2022-02-28,FY21,FY22,avgprice_effect,-84324.20238095238
Shinjuku Central,03,2021-03-31,2022-03-31,FY21,FY22,avgprice_effect,19705.762711864398
Harajuku Boulevard,04,2020-04-30,2021-04-30,FY21,FY22,avgprice_effect,21338.76377952756
Harajuku Boulevard,05,2020-05-31,2021-05-31,FY21,FY22,avgprice_effect,16848.617449664438
Harajuku Boulevard,06,2020-06-30,2021-06-30,FY21,FY22,avgprice_effect,-37064.30065359478
Harajuku Boulevard,07,2020-07-31,2021-07-31,FY21,FY22,avgprice_effect,25409.62130177515
Harajuku Boulevard,08,2020-08-31,2021-08-31,FY21,FY22,avgprice_effect,-11086.199999999993
Harajuku Boulevard,09,2020-09-30,2021-09-30,FY21,FY22,avgprice_effect,13866.83333333332
Harajuku Boulevard,10,2020-10-31,2021-10-31,FY21,FY22,avgprice_effect,33608.25142857141
Harajuku Boulevard,11,2020-11-30,2021-11-30,FY21,FY22,avgprice_effect,-20396.9661016949
Harajuku Boulevard,12,2020-12-31,2021-12-31,FY21,FY22,avgprice_effect,-1012.0548780487876
Harajuku Boulevard,01,2021-01-31,2022-01-31,FY21,FY22,avgprice_effect,-2017.9024390243928
Harajuku Boulevard,02,2021-02-28,2022-02-28,FY21,FY22,avgprice_effect,-17728.466666666674
Harajuku Boulevard,03,2021-03-31,2022-03-31,FY21,FY22,avgprice_effect,-5671.81595092026
Shinagawa Square,04,2020-04-30,2021-04-30,FY21,FY22,avgprice_effect,6080.217391304342
Shinagawa Square,05,2020-05-31,2021-05-31,FY21,FY22,avgprice_effect,44885.36929460581
Shinagawa Square,06,2020-06-30,2021-06-30,FY21,FY22,avgprice_effect,-8096.724137931039
Shinagawa Square,07,2020-07-31,2021-07-31,FY21,FY22,avgprice_effect,39247.60256410256
Shinagawa Square,08,2020-08-31,2021-08-31,FY21,FY22,avgprice_effect,-61815.32967032968
Shinagawa Square,09,2020-09-30,2021-09-30,FY21,FY22,avgprice_effect,-16804.91578947369
Shinagawa Square,10,2020-10-31,2021-10-31,FY21,FY22,avgprice_effect,-99131.84357541898
Shinagawa Square,11,2020-11-30,2021-11-30,FY21,FY22,avgprice_effect,36327.67500000002
Shinagawa Square,12,2020-12-31,2021-12-31,FY21,FY22,avgprice_effect,37492.520325203244
Shinagawa Square,01,2021-01-31,2022-01-31,FY21,FY22,avgprice_effect,36479.00507614212
Shinagawa Square,02,2021-02-28,2022-02-28,FY21,FY22,avgprice_effect,3182.992125984244
Shinagawa Square,03,2021-03-31,2022-03-31,FY21,FY22,avgprice_effect,37191.49999999999
Tokyo Bay,04,2020-04-30,2021-04-30,FY21,FY22,avgprice_effect,-32446.807228915663
Tokyo Bay,05,2020-05-31,2021-05-31,FY21,FY22,avgprice_effect,24027.96753246754
Tokyo Bay,06,2020-06-30,2021-06-30,FY21,FY22,avgprice_effect,4686.711111111121
Tokyo Bay,07,2020-07-31,2021-07-31,FY21,FY22,avgprice_effect,23677.7614213198
Tokyo Bay,08,2020-08-31,2021-08-31,FY21,FY22,avgprice_effect,12330.181347150257
Tokyo Bay,09,2020-09-30,2021-09-30,FY21,FY22,avgprice_effect,-46834.245283018856
Tokyo Bay,10,2020-10-31,2021-10-31,FY21,FY22,avgprice_effect,-10383.632432432412
Tokyo Bay,11,2020-11-30,2021-11-30,FY21,FY22,avgprice_effect,11972.734693877544
Tokyo Bay,12,2020-12-31,2021-12-31,FY21,FY22,avgprice_effect,33364.459627329205
Tokyo Bay,01,2021-01-31,2022-01-31,FY21,FY22,avgprice_effect,-60057.4358974359
Tokyo Bay,02,2021-02-28,2022-02-28,FY21,FY22,avgprice_effect,11309.370165745848
Tokyo Bay,03,2021-03-31,2022-03-31,FY21,FY22,avgprice_effect,31119.39325842698
Yokohama Port,04,2020-04-30,2021-04-30,FY21,FY22,avgprice_effect,-23487.643216080403
Yokohama Port,05,2020-05-31,2021-05-31,FY21,FY22,avgprice_effect,11617.374449339199
Yokohama Port,06,2020-06-30,2021-06-30,FY21,FY22,avgprice_effect,30680.76371308016
Yokohama Port,07,2020-07-31,2021-07-31,FY21,FY22,avgprice_effect,-7025.729257641928
Yokohama Port,08,2020-08-31,2021-08-31,FY21,FY22,avgprice_effect,16849.19626168225
Yokohama Port,09,2020-09-30,2021-09-30,FY21,FY22,avgprice_effect,33508.72916666667
Yokohama Port,10,2020-10-31,2021-10-31,FY21,FY22,avgprice_effect,29760.47887323943
Yokohama Port,11,2020-11-30,2021-11-30,FY21,FY22,avgprice_effect,58643.26976744187
Yokohama Port,12,2020-12-31,2021-12-31,FY21,FY22,avgprice_effect,-5508.162790697669
Yokohama Port,01,2021-01-31,2022-01-31,FY21,FY22,avgprice_effect,-18478.629629629624
Yokohama Port,02,2021-02-28,2022-02-28,FY21,FY22,avgprice_effect,-2303.3898305084713
Yokohama Port,03,2021-03-31,2022-03-31,FY21,FY22,avgprice_effect,-13118.156249999998
Osaka Metro,04,2020-04-30,2021-04-30,FY21,FY22,avgprice_effect,737.9249999999804
Osaka Metro,05,2020-05-31,2021-05-31,FY21,FY22,avgprice_effect,-1638.6236559139713
Osaka Metro,06,2020-06-30,2021-06-30,FY21,FY22,avgprice_effect,-23097.123893805303
Osaka Metro,07,2020-07-31,2021-07-31,FY21,FY22,avgprice_effect,-6482.054545454541
Osaka Metro,08,2020-08-31,2021-08-31,FY21,FY22,avgprice_effect,1052.9278350515347
Osaka Metro,09,2020-09-30,2021-09-30,FY21,FY22,avgprice_effect,2212.9741379310294
Osaka Metro,10,2020-10-31,2021-10-31,FY21,FY22,avgprice_effect,-2211.3749999999977
Osaka Metro,11,2020-11-30,2021-11-30,FY21,FY22,avgprice_effect,22511.188034188035
Osaka Metro,12,2020-12-31,2021-12-31,FY21,FY22,avgprice_effect,-6709.781249999993
Osaka Metro,01,2021-01-31,2022-01-31,FY21,FY22,avgprice_effect,-39993.61788617888
Osaka Metro,02,2021-02-28,2022-02-28,FY21,FY22,avgprice_effect,13750.930232558148
Osaka Metro,03,2021-03-31,2022-03-31,FY21,FY22,avgprice_effect,17443.570312500004
Osaka Sunset Plaza,04,2020-04-30,2021-04-30,FY21,FY22,avgprice_effect,23083.41463414634
Osaka Sunset Plaza,05,2020-05-31,2021-05-31,FY21,FY22,avgprice_effect,-19268.220183486243
Osaka Sunset Plaza,06,2020-06-30,2021-06-30,FY21,FY22,avgprice_effect,13546.230215827349
Osaka Sunset Plaza,07,2020-07-31,2021-07-31,FY21,FY22,avgprice_effect,28009.679687499996
Osaka Sunset Plaza,08,2020-08-31,2021-08-31,FY21,FY22,avgprice_effect,22618.29661016949
Osaka Sunset Plaza,09,2020-09-30,2021-09-30,FY21,FY22,avgprice_effect,-11507.62589928057
Osaka Sunset Plaza,10,2020-10-31,2021-10-31,FY21,FY22,avgprice_effect,-7933.883211678827
Osaka Sunset Plaza,11,2020-11-30,2021-11-30,FY21,FY22,avgprice_effect,27960.41666666667
Osaka Sunset Plaza,12,2020-12-31,2021-12-31,FY21,FY22,avgprice_effect,18024.699999999993
Osaka Sunset Plaza,01,2021-01-31,2022-01-31,FY21,FY22,avgprice_effect,21068.985294117647
Osaka Sunset Plaza,02,2021-02-28,2022-02-28,FY21,FY22,avgprice_effect,-28070.855932203394
Osaka Sunset Plaza,03,2021-03-31,2022-03-31,FY21,FY22,avgprice_effect,-15026.572815533997
Nagoya Tower,04,2020-04-30,2021-04-30,FY21,FY22,avgprice_effect,-9458.289256198346
Nagoya Tower,05,2020-05-31,2021-05-31,FY21,FY22,avgprice_effect,-2617.7218045112772
Nagoya Tower,06,2020-06-30,2021-06-30,FY21,FY22,avgprice_effect,12221.966887417226
Nagoya Tower,07,2020-07-31,2021-07-31,FY21,FY22,avgprice_effect,-18033.620689655167
Nagoya Tower,08,2020-08-31,2021-08-31,FY21,FY22,avgprice_effect,-16637.268115942028
Nagoya Tower,09,2020-09-30,2021-09-30,FY21,FY22,avgprice_effect,2364.6000000000076
Nagoya Tower,10,2020-10-31,2021-10-31,FY21,FY22,avgprice_effect,1704.512396694215
Nagoya Tower,11,2020-11-30,2021-11-30,FY21,FY22,avgprice_effect,6343.866071428558
Nagoya Tower,12,2020-12-31,2021-12-31,FY21,FY22,avgprice_effect,-8749.37037037037
Nagoya Tower,01,2021-01-31,2022-01-31,FY21,FY22,avgprice_effect,-8497.84251968504
Nagoya Tower,02,2021-02-28,2022-02-28,FY21,FY22,avgprice_effect,-8984.043795620439
Nagoya Tower,03,2021-03-31,2022-03-31,FY21,FY22,avgprice_effect,-30362.725806451606
Hakata Outlet,04,2020-04-30,2021-04-30,FY21,FY22,avgprice_effect,-26307.843137254895
Hakata Outlet,05,2020-05-31,2021-05-31,FY21,FY22,avgprice_effect,9157.485294117649
Hakata Outlet,06,2020-06-30,2021-06-30,FY21,FY22,avgprice_effect,-3755.4785276073653
Hakata Outlet,07,2020-07-31,2021-07-31,FY21,FY22,avgprice_effect,-8732.905263157887
Hakata Outlet,08,2020-08-31,2021-08-31,FY21,FY22,avgprice_effect,5111.615384615384
Hakata Outlet,09,2020-09-30,2021-09-30,FY21,FY22,avgprice_effect,-9072.509174311926
Hakata Outlet,10,2020-10-31,2021-10-31,FY21,FY22,avgprice_effect,15342.766990291264
Hakata Outlet,11,2020-11-30,2021-11-30,FY21,FY22,avgprice_effect,760.6772151898713
Hakata Outlet,12,2020-12-31,2021-12-31,FY21,FY22,avgprice_effect,3601.859154929583
Hakata Outlet,01,2021-01-31,2022-01-31,FY21,FY22,avgprice_effect,-804.4375
Hakata Outlet,02,2021-02-28,2022-02-28,FY21,FY22,avgprice_effect,-93.38860103626564
Hakata Outlet,03,2021-03-31,2022-03-31,FY21,FY22,avgprice_effect,-22036.164556962023
Okinawa Seaside,04,2020-04-30,2021-04-30,FY21,FY22,avgprice_effect,13996.61956521739
Okinawa Seaside,05,2020-05-31,2021-05-31,FY21,FY22,avgprice_effect,17087.59217877095
Okinawa Seaside,06,2020-06-30,2021-06-30,FY21,FY22,avgprice_effect,9306.407407407414
Okinawa Seaside,07,2020-07-31,2021-07-31,FY21,FY22,avgprice_effect,-2903.4620689655185
Okinawa Seaside,08,2020-08-31,2021-08-31,FY21,FY22,avgprice_effect,11860.286549707605
Okinawa Seaside,09,2020-09-30,2021-09-30,FY21,FY22,avgprice_effect,4477.4782608695705
Okinawa Seaside,10,2020-10-31,2021-10-31,FY21,FY22,avgprice_effect,-34579.35714285716
Okinawa Seaside,11,2020-11-30,2021-11-30,FY21,FY22,avgprice_effect,2076.0578034682094
Okinawa Seaside,12,2020-12-31,2021-12-31,FY21,FY22,avgprice_effect,-3587.6250000000005
Okinawa Seaside,01,2021-01-31,2022-01-31,FY21,FY22,avgprice_effect,-12054.779874213835
Okinawa Seaside,02,2021-02-28,2022-02-28,FY21,FY22,avgprice_effect,-1064.2987012987014
Okinawa Seaside,03,2021-03-31,2022-03-31,FY21,FY22,avgprice_effect,-7777.486842105256
Shinjuku Central,04,2020-04-30,2021-04-30,FY21,FY22,sales_2,183799.0
Shinjuku Central,05,2020-05-31,2021-05-31,FY21,FY22,sales_2,149295.0
Shinjuku Central,06,2020-06-30,2021-06-30,FY21,FY22,sales_2,146434.0
Shinjuku Central,07,2020-07-31,2021-07-31,FY21,FY22,sales_2,149463.0
Shinjuku Central,08,2020-08-31,2021-08-31,FY21,FY22,sales_2,201304.0
Shinjuku Central,09,2020-09-30,2021-09-30,FY21,FY22,sales_2,187502.0
Shinjuku Central,10,2020-10-31,2021-10-31,FY21,FY22,sales_2,167136.0
Shinjuku Central,11,2020-11-30,2021-11-30,FY21,FY22,sales_2,141216.0
Shinjuku Central,12,2020-12-31,2021-12-31,FY21,FY22,sales_2,149295.0
Shinjuku Central,01,2021-01-31,2022-01-31,FY21,FY22,sales_2,163938.0
Shinjuku Central,02,2021-02-28,2022-02-28,FY21,FY22,sales_2,149463.0
Shinjuku Central,03,2021-03-31,2022-03-31,FY21,FY22,sales_2,191374.0
Harajuku Boulevard,04,2020-04-30,2021-04-30,FY21,FY22,sales_2,144537.0
Harajuku Boulevard,05,2020-05-31,2021-05-31,FY21,FY22,sales_2,150358.0
Harajuku Boulevard,06,2020-06-30,2021-06-30,FY21,FY22,sales_2,131234.0
Harajuku Boulevard,07,2020-07-31,2021-07-31,FY21,FY22,sales_2,131234.0
Harajuku Boulevard,08,2020-08-31,2021-08-31,FY21,FY22,sales_2,166017.0
Harajuku Boulevard,09,2020-09-30,2021-09-30,FY21,FY22,sales_2,150773.0
Harajuku Boulevard,10,2020-10-31,2021-10-31,FY21,FY22,sales_2,147586.0
Harajuku Boulevard,11,2020-11-30,2021-11-30,FY21,FY22,sales_2,136500.0
Harajuku Boulevard,12,2020-12-31,2021-12-31,FY21,FY22,sales_2,128462.0
Harajuku Boulevard,01,2021-01-31,2022-01-31,FY21,FY22,sales_2,115297.0
Harajuku Boulevard,02,2021-02-28,2022-02-28,FY21,FY22,sales_2,115159.0
Harajuku Boulevard,03,2021-03-31,2022-03-31,FY21,FY22,sales_2,138856.0
Shinagawa Square,04,2020-04-30,2021-04-30,FY21,FY22,sales_2,139845.0
Shinagawa Square,05,2020-05-31,2021-05-31,FY21,FY22,sales_2,143730.0
Shinagawa Square,06,2020-06-30,2021-06-30,FY21,FY22,sales_2,152035.0
Shinagawa Square,07,2020-07-31,2021-07-31,FY21,FY22,sales_2,159134.0
Shinagawa Square,08,2020-08-31,2021-08-31,FY21,FY22,sales_2,121226.0
Shinagawa Square,09,2020-09-30,2021-09-30,FY21,FY22,sales_2,112787.0
Shinagawa Square,10,2020-10-31,2021-10-31,FY21,FY22,sales_2,111314.0
Shinagawa Square,11,2020-11-30,2021-11-30,FY21,FY22,sales_2,157527.0
Shinagawa Square,12,2020-12-31,2021-12-31,FY21,FY22,sales_2,141587.0
Shinagawa Square,01,2021-01-31,2022-01-31,FY21,FY22,sales_2,150160.0
Shinagawa Square,02,2021-02-28,2022-02-28,FY21,FY22,sales_2,114796.0
Shinagawa Square,03,2021-03-31,2022-03-31,FY21,FY22,sales_2,146141.0
Tokyo Bay,04,2020-04-30,2021-04-30,FY21,FY22,sales_2,128805.0
Tokyo Bay,05,2020-05-31,2021-05-31,FY21,FY22,sales_2,144344.0
Tokyo Bay,06,2020-06-30,2021-06-30,FY21,FY22,sales_2,136382.0
Tokyo Bay,07,2020-07-31,2021-07-31,FY21,FY22,sales_2,108771.0
Tokyo Bay,08,2020-08-31,2021-08-31,FY21,FY22,sales_2,119045.0
Tokyo Bay,09,2020-09-30,2021-09-30,FY21,FY22,sales_2,119559.0
Tokyo Bay,10,2020-10-31,2021-10-31,FY21,FY22,sales_2,148453.0
Tokyo Bay,11,2020-11-30,2021-11-30,FY21,FY22,sales_2,125851.0
Tokyo Bay,12,2020-12-31,2021-12-31,FY21,FY22,sales_2,145628.0
Tokyo Bay,01,2021-01-31,2022-01-31,FY21,FY22,sales_2,121100.0
Tokyo Bay,02,2021-02-28,2022-02-28,FY21,FY22,sales_2,121742.0
Tokyo Bay,03,2021-03-31,2022-03-31,FY21,FY22,sales_2,131887.0
Yokohama Port,04,2020-04-30,2021-04-30,FY21,FY22,sales_2,101593.0
Yokohama Port,05,2020-05-31,2021-05-31,FY21,FY22,sales_2,120002.0
Yokohama Port,06,2020-06-30,2021-06-30,FY21,FY22,sales_2,132843.0
Yokohama Port,07,2020-07-31,2021-07-31,FY21,FY22,sales_2,111138.0
Yokohama Port,08,2020-08-31,2021-08-31,FY21,FY22,sales_2,124093.0
Yokohama Port,09,2020-09-30,2021-09-30,FY21,FY22,sales_2,125457.0
Yokohama Port,10,2020-10-31,2021-10-31,FY21,FY22,sales_2,130571.0
Yokohama Port,11,2020-11-30,2021-11-30,FY21,FY22,sales_2,134889.0
Yokohama Port,12,2020-12-31,2021-12-31,FY21,FY22,sales_2,102047.0
Yokohama Port,01,2021-01-31,2022-01-31,FY21,FY22,sales_2,95684.0
Yokohama Port,02,2021-02-28,2022-02-28,FY21,FY22,sales_2,132730.0
Yokohama Port,03,2021-03-31,2022-03-31,FY21,FY22,sales_2,113752.0
Osaka Metro,04,2020-04-30,2021-04-30,FY21,FY22,sales_2,114401.0
Osaka Metro,05,2020-05-31,2021-05-31,FY21,FY22,sales_2,103319.0
Osaka Metro,06,2020-06-30,2021-06-30,FY21,FY22,sales_2,98730.0
Osaka Metro,07,2020-07-31,2021-07-31,FY21,FY22,sales_2,114961.0
Osaka Metro,08,2020-08-31,2021-08-31,FY21,FY22,sales_2,106118.0
Osaka Metro,09,2020-09-30,2021-09-30,FY21,FY22,sales_2,112946.0
Osaka Metro,10,2020-10-31,2021-10-31,FY21,FY22,sales_2,95148.0
Osaka Metro,11,2020-11-30,2021-11-30,FY21,FY22,sales_2,119774.0
Osaka Metro,12,2020-12-31,2021-12-31,FY21,FY22,sales_2,94140.0
Osaka Metro,01,2021-01-31,2022-01-31,FY21,FY22,sales_2,96043.0
Osaka Metro,02,2021-02-28,2022-02-28,FY21,FY22,sales_2,111155.0
Osaka Metro,03,2021-03-31,2022-03-31,FY21,FY22,sales_2,93581.0
Osaka Sunset Plaza,04,2020-04-30,2021-04-30,FY21,FY22,sales_2,109964.0
Osaka Sunset Plaza,05,2020-05-31,2021-05-31,FY21,FY22,sales_2,99633.0
Osaka Sunset Plaza,06,2020-06-30,2021-06-30,FY21,FY22,sales_2,86130.0
Osaka Sunset Plaza,07,2020-07-31,2021-07-31,FY21,FY22,sales_2,119785.0
Osaka Sunset Plaza,08,2020-08-31,2021-08-31,FY21,FY22,sales_2,100656.0
Osaka Sunset Plaza,09,2020-09-30,2021-09-30,FY21,FY22,sales_2,89710.0
Osaka Sunset Plaza,10,2020-10-31,2021-10-31,FY21,FY22,sales_2,111090.0
Osaka Sunset Plaza,11,2020-11-30,2021-11-30,FY21,FY22,sales_2,110476.0
Osaka Sunset Plaza,12,2020-12-31,2021-12-31,FY21,FY22,sales_2,94621.0
Osaka Sunset Plaza,01,2021-01-31,2022-01-31,FY21,FY22,sales_2,108225.0
Osaka Sunset Plaza,02,2021-02-28,2022-02-28,FY21,FY22,sales_2,82141.0
Osaka Sunset Plaza,03,2021-03-31,2022-03-31,FY21,FY22,sales_2,91449.0
Nagoya Tower,04,2020-04-30,2021-04-30,FY21,FY22,sales_2,72158.0
Nagoya Tower,05,2020-05-31,2021-05-31,FY21,FY22,sales_2,69122.0
Nagoya Tower,06,2020-06-30,2021-06-30,FY21,FY22,sales_2,74419.0
Nagoya Tower,07,2020-07-31,2021-07-31,FY21,FY22,sales_2,68476.0
Nagoya Tower,08,2020-08-31,2021-08-31,FY21,FY22,sales_2,66990.0
Nagoya Tower,09,2020-09-30,2021-09-30,FY21,FY22,sales_2,60659.0
Nagoya Tower,10,2020-10-31,2021-10-31,FY21,FY22,sales_2,57235.0
Nagoya Tower,11,2020-11-30,2021-11-30,FY21,FY22,sales_2,76034.0
Nagoya Tower,12,2020-12-31,2021-12-31,FY21,FY22,sales_2,58721.0
Nagoya Tower,01,2021-01-31,2022-01-31,FY21,FY22,sales_2,73062.0
Nagoya Tower,02,2021-02-28,2022-02-28,FY21,FY22,sales_2,63566.0
Nagoya Tower,03,2021-03-31,2022-03-31,FY21,FY22,sales_2,52713.0
Hakata Outlet,04,2020-04-30,2021-04-30,FY21,FY22,sales_2,54861.0
Hakata Outlet,05,2020-05-31,2021-05-31,FY21,FY22,sales_2,67072.0
Hakata Outlet,06,2020-06-30,2021-06-30,FY21,FY22,sales_2,64749.0
Hakata Outlet,07,2020-07-31,2021-07-31,FY21,FY22,sales_2,48427.0
Hakata Outlet,08,2020-08-31,2021-08-31,FY21,FY22,sales_2,67132.0
Hakata Outlet,09,2020-09-30,2021-09-30,FY21,FY22,sales_2,58613.0
Hakata Outlet,10,2020-10-31,2021-10-31,FY21,FY22,sales_2,56707.0
Hakata Outlet,11,2020-11-30,2021-11-30,FY21,FY22,sales_2,52359.0
Hakata Outlet,12,2020-12-31,2021-12-31,FY21,FY22,sales_2,50095.0
Hakata Outlet,01,2021-01-31,2022-01-31,FY21,FY22,sales_2,63974.0
Hakata Outlet,02,2021-02-28,2022-02-28,FY21,FY22,sales_2,50036.0
Hakata Outlet,03,2021-03-31,2022-03-31,FY21,FY22,sales_2,59983.0
Okinawa Seaside,04,2020-04-30,2021-04-30,FY21,FY22,sales_2,61414.0
Okinawa Seaside,05,2020-05-31,2021-05-31,FY21,FY22,sales_2,59964.0
Okinawa Seaside,06,2020-06-30,2021-06-30,FY21,FY22,sales_2,58224.0
Okinawa Seaside,07,2020-07-31,2021-07-31,FY21,FY22,sales_2,63270.0
Okinawa Seaside,08,2020-08-31,2021-08-31,FY21,FY22,sales_2,58804.0
Okinawa Seaside,09,2020-09-30,2021-09-30,FY21,FY22,sales_2,57355.0
Okinawa Seaside,10,2020-10-31,2021-10-31,FY21,FY22,sales_2,57819.0
Okinawa Seaside,11,2020-11-30,2021-11-30,FY21,FY22,sales_2,58862.0
Okinawa Seaside,12,2020-12-31,2021-12-31,FY21,FY22,sales_2,48888.0
Okinawa Seaside,01,2021-01-31,2022-01-31,FY21,FY22,sales_2,48250.0
Okinawa Seaside,02,2021-02-28,2022-02-28,FY21,FY22,sales_2,47032.0
Okinawa Seaside,03,2021-03-31,2022-03-31,FY21,FY22,sales_2,52425.0
